combo_id,trace_1,trace_1_apki,trace_2,trace_2_apki,trace_3,trace_3_apki,trace_4,trace_4_apki,max_apki,has_high_apki
1,403.gcc-16B,67.0077,433.milc-127B,27.2323,607.cactuBSSN_s-2421B,13.5293,621.wrf_s-6673B,21.2048,67.0077,True
2,436.cactusADM-1804B,6.7881,450.soplex-92B,42.1928,456.hmmer-327B,5.3763,621.wrf_s-6673B,21.2048,42.1928,True
3,433.milc-127B,27.2323,619.lbm_s-2676B,48.5701,621.wrf_s-6673B,21.2048,654.roms_s-293B,13.9431,48.5701,True
4,429.mcf-22B,46.4604,473.astar-359B,90.1648,602.gcc_s-734B,9.0768,603.bwaves_s-1740B,19.8491,90.1648,True
5,403.gcc-16B,67.0077,410.bwaves-1963B,19.5947,429.mcf-22B,46.4604,445.gobmk-30B,3.7512,67.0077,True
6,403.gcc-16B,67.0077,450.soplex-92B,42.1928,483.xalancbmk-127B,33.4685,605.mcf_s-472B,60.2855,67.0077,True
7,445.gobmk-30B,3.7512,602.gcc_s-734B,9.0768,607.cactuBSSN_s-2421B,13.5293,620.omnetpp_s-141B,30.2597,30.2597,True
8,450.soplex-92B,42.1928,473.astar-359B,90.1648,602.gcc_s-734B,9.0768,620.omnetpp_s-141B,30.2597,90.1648,True
9,403.gcc-16B,67.0077,623.xalancbmk_s-10B,32.881,627.cam4_s-490B,16.977,649.fotonik3d_s-1176B,18.3358,67.0077,True
10,437.leslie3d-134B,9.3758,462.libquantum-714B,41.7372,473.astar-359B,90.1648,620.omnetpp_s-141B,30.2597,90.1648,True
11,436.cactusADM-1804B,6.7881,445.gobmk-30B,3.7512,456.hmmer-327B,5.3763,623.xalancbmk_s-10B,32.881,32.881,True
12,429.mcf-22B,46.4604,433.milc-127B,27.2323,462.libquantum-714B,41.7372,471.omnetpp-188B,38.5935,46.4604,True
13,433.milc-127B,27.2323,470.lbm-1274B,52.3128,605.mcf_s-472B,60.2855,649.fotonik3d_s-1176B,18.3358,60.2855,True
14,410.bwaves-1963B,19.5947,456.hmmer-327B,5.3763,621.wrf_s-6673B,21.2048,627.cam4_s-490B,16.977,21.2048,True
15,433.milc-127B,27.2323,471.omnetpp-188B,38.5935,481.wrf-196B,5.8633,602.gcc_s-734B,9.0768,38.5935,True
16,429.mcf-22B,46.4604,459.GemsFDTD-765B,13.148,602.gcc_s-734B,9.0768,628.pop2_s-17B,9.5708,46.4604,True
17,605.mcf_s-472B,60.2855,607.cactuBSSN_s-2421B,13.5293,649.fotonik3d_s-1176B,18.3358,654.roms_s-293B,13.9431,60.2855,True
18,445.gobmk-30B,3.7512,470.lbm-1274B,52.3128,603.bwaves_s-1740B,19.8491,620.omnetpp_s-141B,30.2597,52.3128,True
19,410.bwaves-1963B,19.5947,429.mcf-22B,46.4604,450.soplex-92B,42.1928,619.lbm_s-2676B,48.5701,48.5701,True
20,429.mcf-22B,46.4604,459.GemsFDTD-765B,13.148,623.xalancbmk_s-10B,32.881,649.fotonik3d_s-1176B,18.3358,46.4604,True
21,433.milc-127B,27.2323,450.soplex-92B,42.1928,471.omnetpp-188B,38.5935,649.fotonik3d_s-1176B,18.3358,42.1928,True
22,437.leslie3d-134B,9.3758,445.gobmk-30B,3.7512,470.lbm-1274B,52.3128,619.lbm_s-2676B,48.5701,52.3128,True
23,456.hmmer-327B,5.3763,607.cactuBSSN_s-2421B,13.5293,619.lbm_s-2676B,48.5701,620.omnetpp_s-141B,30.2597,48.5701,True
24,429.mcf-22B,46.4604,437.leslie3d-134B,9.3758,605.mcf_s-472B,60.2855,607.cactuBSSN_s-2421B,13.5293,60.2855,True
25,437.leslie3d-134B,9.3758,450.soplex-92B,42.1928,602.gcc_s-734B,9.0768,621.wrf_s-6673B,21.2048,42.1928,True
26,456.hmmer-327B,5.3763,471.omnetpp-188B,38.5935,481.wrf-196B,5.8633,607.cactuBSSN_s-2421B,13.5293,38.5935,True
27,450.soplex-92B,42.1928,602.gcc_s-734B,9.0768,619.lbm_s-2676B,48.5701,620.omnetpp_s-141B,30.2597,48.5701,True
28,410.bwaves-1963B,19.5947,462.libquantum-714B,41.7372,623.xalancbmk_s-10B,32.881,628.pop2_s-17B,9.5708,41.7372,True
29,410.bwaves-1963B,19.5947,450.soplex-92B,42.1928,627.cam4_s-490B,16.977,628.pop2_s-17B,9.5708,42.1928,True
30,429.mcf-22B,46.4604,456.hmmer-327B,5.3763,462.libquantum-714B,41.7372,471.omnetpp-188B,38.5935,46.4604,True
31,445.gobmk-30B,3.7512,603.bwaves_s-1740B,19.8491,620.omnetpp_s-141B,30.2597,654.roms_s-293B,13.9431,30.2597,True
32,445.gobmk-30B,3.7512,462.libquantum-714B,41.7372,482.sphinx3-234B,13.4109,607.cactuBSSN_s-2421B,13.5293,41.7372,True
33,471.omnetpp-188B,38.5935,481.wrf-196B,5.8633,607.cactuBSSN_s-2421B,13.5293,654.roms_s-293B,13.9431,38.5935,True
34,456.hmmer-327B,5.3763,602.gcc_s-734B,9.0768,603.bwaves_s-1740B,19.8491,621.wrf_s-6673B,21.2048,21.2048,True
35,471.omnetpp-188B,38.5935,473.astar-359B,90.1648,603.bwaves_s-1740B,19.8491,654.roms_s-293B,13.9431,90.1648,True
36,436.cactusADM-1804B,6.7881,450.soplex-92B,42.1928,470.lbm-1274B,52.3128,483.xalancbmk-127B,33.4685,52.3128,True
37,410.bwaves-1963B,19.5947,429.mcf-22B,46.4604,482.sphinx3-234B,13.4109,623.xalancbmk_s-10B,32.881,46.4604,True
38,433.milc-127B,27.2323,436.cactusADM-1804B,6.7881,607.cactuBSSN_s-2421B,13.5293,649.fotonik3d_s-1176B,18.3358,27.2323,True
39,437.leslie3d-134B,9.3758,473.astar-359B,90.1648,619.lbm_s-2676B,48.5701,627.cam4_s-490B,16.977,90.1648,True
40,429.mcf-22B,46.4604,471.omnetpp-188B,38.5935,481.wrf-196B,5.8633,605.mcf_s-472B,60.2855,60.2855,True
41,456.hmmer-327B,5.3763,483.xalancbmk-127B,33.4685,602.gcc_s-734B,9.0768,649.fotonik3d_s-1176B,18.3358,33.4685,True
42,403.gcc-16B,67.0077,433.milc-127B,27.2323,619.lbm_s-2676B,48.5701,621.wrf_s-6673B,21.2048,67.0077,True
43,602.gcc_s-734B,9.0768,619.lbm_s-2676B,48.5701,623.xalancbmk_s-10B,32.881,654.roms_s-293B,13.9431,48.5701,True
44,456.hmmer-327B,5.3763,462.libquantum-714B,41.7372,607.cactuBSSN_s-2421B,13.5293,623.xalancbmk_s-10B,32.881,41.7372,True
45,433.milc-127B,27.2323,437.leslie3d-134B,9.3758,459.GemsFDTD-765B,13.148,473.astar-359B,90.1648,90.1648,True
46,403.gcc-16B,67.0077,481.wrf-196B,5.8633,621.wrf_s-6673B,21.2048,654.roms_s-293B,13.9431,67.0077,True
47,456.hmmer-327B,5.3763,483.xalancbmk-127B,33.4685,621.wrf_s-6673B,21.2048,623.xalancbmk_s-10B,32.881,33.4685,True
48,433.milc-127B,27.2323,437.leslie3d-134B,9.3758,483.xalancbmk-127B,33.4685,649.fotonik3d_s-1176B,18.3358,33.4685,True
49,459.GemsFDTD-765B,13.148,483.xalancbmk-127B,33.4685,607.cactuBSSN_s-2421B,13.5293,628.pop2_s-17B,9.5708,33.4685,True
50,436.cactusADM-1804B,6.7881,445.gobmk-30B,3.7512,470.lbm-1274B,52.3128,605.mcf_s-472B,60.2855,60.2855,True
51,437.leslie3d-134B,9.3758,483.xalancbmk-127B,33.4685,602.gcc_s-734B,9.0768,623.xalancbmk_s-10B,32.881,33.4685,True
52,403.gcc-16B,67.0077,462.libquantum-714B,41.7372,482.sphinx3-234B,13.4109,605.mcf_s-472B,60.2855,67.0077,True
53,403.gcc-16B,67.0077,433.milc-127B,27.2323,470.lbm-1274B,52.3128,654.roms_s-293B,13.9431,67.0077,True
54,450.soplex-92B,42.1928,459.GemsFDTD-765B,13.148,627.cam4_s-490B,16.977,628.pop2_s-17B,9.5708,42.1928,True
55,410.bwaves-1963B,19.5947,450.soplex-92B,42.1928,603.bwaves_s-1740B,19.8491,654.roms_s-293B,13.9431,42.1928,True
56,429.mcf-22B,46.4604,482.sphinx3-234B,13.4109,621.wrf_s-6673B,21.2048,628.pop2_s-17B,9.5708,46.4604,True
57,429.mcf-22B,46.4604,436.cactusADM-1804B,6.7881,602.gcc_s-734B,9.0768,623.xalancbmk_s-10B,32.881,46.4604,True
58,436.cactusADM-1804B,6.7881,482.sphinx3-234B,13.4109,602.gcc_s-734B,9.0768,619.lbm_s-2676B,48.5701,48.5701,True
59,437.leslie3d-134B,9.3758,456.hmmer-327B,5.3763,483.xalancbmk-127B,33.4685,649.fotonik3d_s-1176B,18.3358,33.4685,True
60,445.gobmk-30B,3.7512,473.astar-359B,90.1648,602.gcc_s-734B,9.0768,605.mcf_s-472B,60.2855,90.1648,True
61,445.gobmk-30B,3.7512,620.omnetpp_s-141B,30.2597,621.wrf_s-6673B,21.2048,623.xalancbmk_s-10B,32.881,32.881,True
62,459.GemsFDTD-765B,13.148,471.omnetpp-188B,38.5935,619.lbm_s-2676B,48.5701,620.omnetpp_s-141B,30.2597,48.5701,True
63,470.lbm-1274B,52.3128,481.wrf-196B,5.8633,607.cactuBSSN_s-2421B,13.5293,654.roms_s-293B,13.9431,52.3128,True
64,433.milc-127B,27.2323,450.soplex-92B,42.1928,481.wrf-196B,5.8633,483.xalancbmk-127B,33.4685,42.1928,True
65,403.gcc-16B,67.0077,429.mcf-22B,46.4604,450.soplex-92B,42.1928,462.libquantum-714B,41.7372,67.0077,True
66,403.gcc-16B,67.0077,450.soplex-92B,42.1928,602.gcc_s-734B,9.0768,603.bwaves_s-1740B,19.8491,67.0077,True
67,410.bwaves-1963B,19.5947,429.mcf-22B,46.4604,607.cactuBSSN_s-2421B,13.5293,620.omnetpp_s-141B,30.2597,46.4604,True
68,410.bwaves-1963B,19.5947,429.mcf-22B,46.4604,450.soplex-92B,42.1928,654.roms_s-293B,13.9431,46.4604,True
69,429.mcf-22B,46.4604,462.libquantum-714B,41.7372,483.xalancbmk-127B,33.4685,649.fotonik3d_s-1176B,18.3358,46.4604,True
70,450.soplex-92B,42.1928,456.hmmer-327B,5.3763,482.sphinx3-234B,13.4109,619.lbm_s-2676B,48.5701,48.5701,True
71,436.cactusADM-1804B,6.7881,445.gobmk-30B,3.7512,602.gcc_s-734B,9.0768,621.wrf_s-6673B,21.2048,21.2048,True
72,450.soplex-92B,42.1928,482.sphinx3-234B,13.4109,603.bwaves_s-1740B,19.8491,654.roms_s-293B,13.9431,42.1928,True
73,445.gobmk-30B,3.7512,473.astar-359B,90.1648,482.sphinx3-234B,13.4109,627.cam4_s-490B,16.977,90.1648,True
74,433.milc-127B,27.2323,470.lbm-1274B,52.3128,473.astar-359B,90.1648,619.lbm_s-2676B,48.5701,90.1648,True
75,473.astar-359B,90.1648,481.wrf-196B,5.8633,621.wrf_s-6673B,21.2048,649.fotonik3d_s-1176B,18.3358,90.1648,True
76,410.bwaves-1963B,19.5947,433.milc-127B,27.2323,607.cactuBSSN_s-2421B,13.5293,619.lbm_s-2676B,48.5701,48.5701,True
77,410.bwaves-1963B,19.5947,462.libquantum-714B,41.7372,471.omnetpp-188B,38.5935,621.wrf_s-6673B,21.2048,41.7372,True
78,433.milc-127B,27.2323,450.soplex-92B,42.1928,627.cam4_s-490B,16.977,649.fotonik3d_s-1176B,18.3358,42.1928,True
79,437.leslie3d-134B,9.3758,456.hmmer-327B,5.3763,473.astar-359B,90.1648,481.wrf-196B,5.8633,90.1648,True
80,429.mcf-22B,46.4604,450.soplex-92B,42.1928,481.wrf-196B,5.8633,649.fotonik3d_s-1176B,18.3358,46.4604,True
81,433.milc-127B,27.2323,602.gcc_s-734B,9.0768,627.cam4_s-490B,16.977,649.fotonik3d_s-1176B,18.3358,27.2323,True
82,403.gcc-16B,67.0077,429.mcf-22B,46.4604,623.xalancbmk_s-10B,32.881,649.fotonik3d_s-1176B,18.3358,67.0077,True
83,437.leslie3d-134B,9.3758,450.soplex-92B,42.1928,473.astar-359B,90.1648,482.sphinx3-234B,13.4109,90.1648,True
84,445.gobmk-30B,3.7512,471.omnetpp-188B,38.5935,482.sphinx3-234B,13.4109,649.fotonik3d_s-1176B,18.3358,38.5935,True
85,410.bwaves-1963B,19.5947,437.leslie3d-134B,9.3758,471.omnetpp-188B,38.5935,654.roms_s-293B,13.9431,38.5935,True
86,403.gcc-16B,67.0077,456.hmmer-327B,5.3763,471.omnetpp-188B,38.5935,627.cam4_s-490B,16.977,67.0077,True
87,459.GemsFDTD-765B,13.148,473.astar-359B,90.1648,481.wrf-196B,5.8633,627.cam4_s-490B,16.977,90.1648,True
88,602.gcc_s-734B,9.0768,620.omnetpp_s-141B,30.2597,621.wrf_s-6673B,21.2048,627.cam4_s-490B,16.977,30.2597,True
89,436.cactusADM-1804B,6.7881,482.sphinx3-234B,13.4109,619.lbm_s-2676B,48.5701,620.omnetpp_s-141B,30.2597,48.5701,True
90,410.bwaves-1963B,19.5947,462.libquantum-714B,41.7372,602.gcc_s-734B,9.0768,621.wrf_s-6673B,21.2048,41.7372,True
91,410.bwaves-1963B,19.5947,482.sphinx3-234B,13.4109,483.xalancbmk-127B,33.4685,603.bwaves_s-1740B,19.8491,33.4685,True
92,410.bwaves-1963B,19.5947,437.leslie3d-134B,9.3758,483.xalancbmk-127B,33.4685,649.fotonik3d_s-1176B,18.3358,33.4685,True
93,429.mcf-22B,46.4604,437.leslie3d-134B,9.3758,483.xalancbmk-127B,33.4685,649.fotonik3d_s-1176B,18.3358,46.4604,True
94,429.mcf-22B,46.4604,605.mcf_s-472B,60.2855,619.lbm_s-2676B,48.5701,649.fotonik3d_s-1176B,18.3358,60.2855,True
95,433.milc-127B,27.2323,450.soplex-92B,42.1928,471.omnetpp-188B,38.5935,654.roms_s-293B,13.9431,42.1928,True
96,410.bwaves-1963B,19.5947,450.soplex-92B,42.1928,603.bwaves_s-1740B,19.8491,605.mcf_s-472B,60.2855,60.2855,True
97,429.mcf-22B,46.4604,473.astar-359B,90.1648,605.mcf_s-472B,60.2855,619.lbm_s-2676B,48.5701,90.1648,True
98,456.hmmer-327B,5.3763,462.libquantum-714B,41.7372,483.xalancbmk-127B,33.4685,603.bwaves_s-1740B,19.8491,41.7372,True
99,445.gobmk-30B,3.7512,462.libquantum-714B,41.7372,619.lbm_s-2676B,48.5701,620.omnetpp_s-141B,30.2597,48.5701,True
100,436.cactusADM-1804B,6.7881,450.soplex-92B,42.1928,456.hmmer-327B,5.3763,471.omnetpp-188B,38.5935,42.1928,True
